Image Address     , Image Name        , Routine Address   , Routine Name      , Instructions Count
0x7fee99c3e000, libc.so.6, 0x7fee99d811d0, _dl_addr, 56470
0x7fee9a021000, libstdc++.so.6, 0x7fee9a0c0350, _ZNSt6locale5_Impl16_M_install_facetEPKNS_2idEPKNS_5facetE, 12270
0x7feeadb34000, ld-linux-x86-64.so.2, 0x7feeadb34ac0, .text, 9043
0x7fee99c3e000, libc.so.6, 0x7fee99ceaa90, btowc, 6400
0x7fee9a021000, libstdc++.so.6, 0x7fee9a0e5410, _ZNSt5ctypeIwE19_M_initialize_ctypeEv, 2757
0x7fee9a021000, libstdc++.so.6, 0x7fee9a0acf70, __dynamic_cast, 2496
0x7fee99c3e000, libc.so.6, 0x7fee99cc9720, strlen, 1428
0x7fee9a021000, libstdc++.so.6, 0x7fee9a0af2a0, _ZNK10__cxxabiv120__si_class_type_info12__do_dyncastElNS_17__class_type_info10__sub_kindEPKS1_PKvS4_S6_RNS1_16__dyncast_resultE, 1360
0x7fee99c3e000, libc.so.6, 0x7fee99cac6e0, fwrite, 1259
0x7fee9a021000, libstdc++.so.6, 0x7fee9a0d5040, _ZNKSt5ctypeIcE13_M_widen_initEv, 1098
0x7fee99c3e000, libc.so.6, 0x7fee99d49460, wctype_l, 1026
0x7fee9a021000, libstdc++.so.6, 0x7fee9a0c0b20, _ZNSt6locale5_ImplC1Em, 1025
0x7fee9a021000, libstdc++.so.6, 0x7fee9a0c0310, _ZNKSt6locale2id5_M_idEv, 1004
0x7feeadb34000, ld-linux-x86-64.so.2, 0x7feeadb4dd40, __libc_memalign, 996
0x7feeadb34000, ld-linux-x86-64.so.2, 0x7feeadb4e040, realloc, 996
0x7fee99c3e000, libc.so.6, 0x7fee99cb71e0, _IO_file_xsputn, 951
0x7fee9a021000, libstdc++.so.6, 0x7fee9a123c30, _ZNKSt7num_putIcSt19ostreambuf_iteratorIcSt11char_traitsIcEEE13_M_insert_intIlEES3_S3_RSt8ios_basecT_, 930
0x7fee99c3e000, libc.so.6, 0x7fee99ceac10, wctob, 768
0x7fee9a021000, libstdc++.so.6, 0x7fee9a12f5c0, _ZNSo6sentryC2ERSo, 690
0x7fee99c3e000, libc.so.6, 0x7fee99cab7a0, _IO_fflush, 640
0x7fee9a021000, libstdc++.so.6, 0x7fee9a130330, _ZNSo9_M_insertIlEERSoT_, 577
0x7fee9a021000, libstdc++.so.6, 0x7fee9a12fd20, _ZSt16__ostream_insertIcSt11char_traitsIcEERSt13basic_ostreamIT_T0_ES6_PKS3_l, 560
0x7fee9a021000, libstdc++.so.6, 0x7fee9a0afd50, _ZNK10__cxxabiv121__vmi_class_type_info12__do_dyncastElNS_17__class_type_info10__sub_kindEPKS1_PKvS4_S6_RNS1_16__dyncast_resultE, 528
0x7fee99c3e000, libc.so.6, 0x7fee99cb8390, _IO_do_write, 524
0x7fee99c3e000, libc.so.6, 0x7fee99d81530, _dl_mcount_wrapper_check, 512
0x7fee9a021000, libstdc++.so.6, 0x7fee9a0d83f0, _ZNSt8ios_baseC2Ev, 472
0x7fee9a021000, libstdc++.so.6, 0x7fee9a0c1dd0, _ZNSt6localeC1Ev, 440
0x7fee9a021000, libstdc++.so.6, 0x7fee9a0cf680, _ZNSt7__cxx118numpunctIcE22_M_initialize_numpunctEP15__locale_struct, 413
0x7fee9a021000, libstdc++.so.6, 0x7fee9a0cbf40, _ZNSt8numpunctIcE22_M_initialize_numpunctEP15__locale_struct, 413
0x7fee9a021000, libstdc++.so.6, 0x7fee9a12f830, _ZNSo3putEc, 410
0x7fee9a021000, libstdc++.so.6, 0x7fee9a0aad20, .text, 382
0x7fee99c3e000, libc.so.6, 0x7fee99cb4450, putc, 380
0x7fee99c3e000, libc.so.6, 0x7fee99cb6b70, _IO_file_write, 370
0x7fee9a021000, libstdc++.so.6, 0x7fee9a0cf940, _ZNSt7__cxx118numpunctIwE22_M_initialize_numpunctEP15__locale_struct, 349
0x7fee9a021000, libstdc++.so.6, 0x7fee9a0cc200, _ZNSt8numpunctIwE22_M_initialize_numpunctEP15__locale_struct, 349
0x7fee99c3e000, libc.so.6, 0x7fee99cb6370, _IO_file_sync, 321
0x7fee9a021000, libstdc++.so.6, 0x7fee9a0d9e80, _ZNSt6thread15_M_start_threadESt10shared_ptrINS_10_Impl_baseEE, 299
0x7fee99c3e000, libc.so.6, 0x7fee99c782d0, __cxa_finalize, 289
0x7fee9a021000, libstdc++.so.6, 0x7fee9a0be7e0, _ZNSt8ios_base4InitC2Ev, 269
0x7fee9a021000, libstdc++.so.6, 0x7fee9a0aa3d0, btowc@plt, 258
0x7fee9a021000, libstdc++.so.6, 0x7fee9a0bf3c0, _ZNSt8ios_base7_M_initEv, 192
0x7fee9a021000, libstdc++.so.6, 0x7fee9a12fb30, _ZSt4endlIcSt11char_traitsIcEERSt13basic_ostreamIT_T0_ES6_, 190
0x7fee9a021000, libstdc++.so.6, 0x7fee9a12ee20, _ZNSo5flushEv, 182
0x7fee9a021000, libstdc++.so.6, 0x7fee9a130210, _ZStlsISt11char_traitsIcEERSt13basic_ostreamIcT_ES5_PKc, 180
0x400000, loop_test_simple, 0x400896, _Z7forLoopi, 172
0x7fee9a021000, libstdc++.so.6, 0x7fee9a0c0060, _ZNSt6localeaSERKS_, 168
0x7fee99706000, libgcc_s.so.1, 0x7fee99708a70, .text, 167
0x7fee9a021000, libstdc++.so.6, 0x7fee9a0a7a20, .plt, 162
0x7fee99c3e000, libc.so.6, 0x7fee99c78280, __cxa_atexit, 154
0x7feeadb34000, ld-linux-x86-64.so.2, 0x7feeadb4de50, calloc, 144
0x7feeadb34000, ld-linux-x86-64.so.2, 0x7feeadb47620, _dl_allocate_tls_init, 139
0x7fee9a021000, libstdc++.so.6, 0x7fee9a0e4e70, _ZNKSt5ctypeIwE19_M_convert_to_wmaskEt, 137
0x7fee9a021000, libstdc++.so.6, 0x7fee9a0a9080, wctob@plt, 130
0x7fee99c3e000, libc.so.6, 0x7fee99cb9630, _IO_default_xsputn, 128
0x7fee9a021000, libstdc++.so.6, 0x7fee9a0bfe90, _ZNSt6locale5facet15_S_get_c_localeEv, 128
0x7fee9a021000, libstdc++.so.6, 0x7fee9a115d40, _ZNSt9basic_iosIwSt11char_traitsIwEE15_M_cache_localeERKSt6locale, 120
0x7fee9a021000, libstdc++.so.6, 0x7fee9a115400, _ZNSt9basic_iosIcSt11char_traitsIcEE15_M_cache_localeERKSt6locale, 120
0x7fee9a021000, libstdc++.so.6, 0x7fee9a0a8a00, _ZNKSt6locale2id5_M_idEv@plt, 120
0x7fee99c3e000, libc.so.6, 0x7fee99c5d8b0, .text, 118
0x7fee9a021000, libstdc++.so.6, 0x7fee9a0e4c20, _ZNSt5ctypeIcEC1EPKtbm, 114
0x7fee9a021000, libstdc++.so.6, 0x7fee9a0ca3c0, _ZNSt10moneypunctIcLb1EE24_M_initialize_moneypunctEP15__locale_structPKc, 112
0x7fee9a021000, libstdc++.so.6, 0x7fee9a0ca920, _ZNSt10moneypunctIcLb0EE24_M_initialize_moneypunctEP15__locale_structPKc, 112
0x7fee9a021000, libstdc++.so.6, 0x7fee9a0cdbe0, _ZNSt7__cxx1110moneypunctIcLb1EE24_M_initialize_moneypunctEP15__locale_structPKc, 112
0x7fee9a021000, libstdc++.so.6, 0x7fee9a0ce140, _ZNSt7__cxx1110moneypunctIcLb0EE24_M_initialize_moneypunctEP15__locale_structPKc, 112
0x7fee9a021000, libstdc++.so.6, 0x7fee9a0cee90, _ZNSt7__cxx1110moneypunctIwLb0EE24_M_initialize_moneypunctEP15__locale_structPKc, 108
0x7fee9a021000, libstdc++.so.6, 0x7fee9a0ce880, _ZNSt7__cxx1110moneypunctIwLb1EE24_M_initialize_moneypunctEP15__locale_structPKc, 108
0x7fee9a021000, libstdc++.so.6, 0x7fee9a0cb060, _ZNSt10moneypunctIwLb1EE24_M_initialize_moneypunctEP15__locale_structPKc, 108
0x7fee9a021000, libstdc++.so.6, 0x7fee9a0cb670, _ZNSt10moneypunctIwLb0EE24_M_initialize_moneypunctEP15__locale_structPKc, 108
0x7fee9a021000, libstdc++.so.6, 0x7fee9a0cfc30, _ZNSt11__timepunctIcE23_M_initialize_timepunctEP15__locale_struct, 107
0x7fee9a021000, libstdc++.so.6, 0x7fee9a0d05c0, _ZNSt11__timepunctIwE23_M_initialize_timepunctEP15__locale_struct, 105
0x7feeadb34000, ld-linux-x86-64.so.2, 0x7feeadb4de40, malloc, 105
0x7fee9a021000, libstdc++.so.6, 0x7fee9a1305a0, _ZNSolsEi, 100
0x7fee9a021000, libstdc++.so.6, 0x7fee9a10ade0, _ZN9__gnu_cxx18stdio_sync_filebufIcSt11char_traitsIcEE6xsputnEPKcl, 100
0x7fee99c3e000, libc.so.6, 0x7fee99c5e5a0, _init, 98
0x7fee9a021000, libstdc++.so.6, 0x7fee9a0c00d0, _ZNSt6localeD1Ev, 96
0x7fee99706000, libgcc_s.so.1, 0x7fee99708ca0, __cpu_indicator_init, 88
0x7fee9a021000, libstdc++.so.6, 0x7fee9a115590, _ZNSt9basic_iosIcSt11char_traitsIcEE4initEPSt15basic_streambufIcS1_E, 88
0x7fee9a021000, libstdc++.so.6, 0x7fee9a115ed0, _ZNSt9basic_iosIwSt11char_traitsIwEE4initEPSt15basic_streambufIwS1_E, 88
0x7fee9a021000, libstdc++.so.6, 0x7fee9a1478a0, _ZSt9has_facetISt7num_putIwSt19ostreambuf_iteratorIwSt11char_traitsIwEEEEbRKSt6locale, 84
0x7fee9a021000, libstdc++.so.6, 0x7fee9a1478f0, _ZSt9has_facetISt7num_getIwSt19istreambuf_iteratorIwSt11char_traitsIwEEEEbRKSt6locale, 84
0x7fee9a021000, libstdc++.so.6, 0x7fee9a1221c0, _ZSt9has_facetISt5ctypeIcEEbRKSt6locale, 84
0x7fee9a021000, libstdc++.so.6, 0x7fee9a122300, _ZSt9has_facetISt7num_putIcSt19ostreambuf_iteratorIcSt11char_traitsIcEEEEbRKSt6locale, 84
0x7fee9a021000, libstdc++.so.6, 0x7fee9a122350, _ZSt9has_facetISt7num_getIcSt19istreambuf_iteratorIcSt11char_traitsIcEEEEbRKSt6locale, 84
0x7fee9a021000, libstdc++.so.6, 0x7fee9a147760, _ZSt9has_facetISt5ctypeIwEEbRKSt6locale, 84
0x7fee9a021000, libstdc++.so.6, 0x7fee9a120550, _ZSt9use_facetISt5ctypeIcEERKT_RKSt6locale, 76
0x7fee9a021000, libstdc++.so.6, 0x7fee9a1211c0, _ZSt9use_facetISt7num_putIcSt19ostreambuf_iteratorIcSt11char_traitsIcEEEERKT_RKSt6locale, 76
0x7fee9a021000, libstdc++.so.6, 0x7fee9a121210, _ZSt9use_facetISt7num_getIcSt19istreambuf_iteratorIcSt11char_traitsIcEEEERKT_RKSt6locale, 76
0x7fee9a021000, libstdc++.so.6, 0x7fee9a145d60, _ZSt9use_facetISt5ctypeIwEERKT_RKSt6locale, 76
0x7fee9a021000, libstdc++.so.6, 0x7fee9a146770, _ZSt9use_facetISt7num_putIwSt19ostreambuf_iteratorIwSt11char_traitsIwEEEERKT_RKSt6locale, 76
0x7fee9a021000, libstdc++.so.6, 0x7fee9a1467c0, _ZSt9use_facetISt7num_getIwSt19istreambuf_iteratorIwSt11char_traitsIwEEEERKT_RKSt6locale, 76
0x7fee99c3e000, libc.so.6, 0x7fee99d352b0, write, 70
0x7fee9a021000, libstdc++.so.6, 0x7fee9a10ae90, _ZN9__gnu_cxx18stdio_sync_filebufIcSt11char_traitsIcEE8overflowEi, 60
0x7fee99c3e000, libc.so.6, 0x7fee99c5e740, __libc_start_main, 58
0x7fee99c3e000, libc.so.6, 0x7fee99cc2130, __libc_malloc, 58
0x7fee99c3e000, libc.so.6, 0x7fee99ccb400, rindex, 54
0x7fee9a021000, libstdc++.so.6, 0x7fee9a123ed0, _ZNKSt7num_putIcSt19ostreambuf_iteratorIcSt11char_traitsIcEEE6do_putES3_RSt8ios_basecl, 50
0x7fee9a021000, libstdc++.so.6, 0x7fee9a0a9e00, __dynamic_cast@plt, 50
0x7fee99c3e000, libc.so.6, 0x7fee99d3ae80, __sbrk, 49
0x7fee99c3e000, libc.so.6, 0x7fee99cb8730, _IO_file_overflow, 48
0x7fee9a021000, libstdc++.so.6, 0x7fee9a131750, _ZNSt13basic_ostreamIwSt11char_traitsIwEE5flushEv, 42
0x7fee99c3e000, libc.so.6, 0x7fee99c6b8b0, uselocale, 42
0x400000, loop_test_simple, 0x400960, __libc_csu_init, 41
0x7fee99935000, libm.so.6, 0x7fee9993a600, .text, 38
0x7fee99c3e000, libc.so.6, 0x7fee99c6ab80, __newlocale, 37
0x7feeadb34000, ld-linux-x86-64.so.2, 0x7feeadb34a70, __libc_memalign@plt, 36
0x7fee99c3e000, libc.so.6, 0x7fee99cab180, _IO_file_doallocate, 36
0x7feeadb34000, ld-linux-x86-64.so.2, 0x7feeadb34a80, malloc@plt, 35
0x7feeadb34000, ld-linux-x86-64.so.2, 0x7feeadb48c00, _dl_find_dso_for_object, 35
0x7fee9a021000, libstdc++.so.6, 0x7fee9a0aea90, __cxa_guard_acquire, 33
0x7fee9a021000, libstdc++.so.6, 0x7fee9a0aaa80, _ZNSo6sentryC1ERSo@plt, 32
0x7fee9a021000, libstdc++.so.6, 0x7fee9a0a90f0, _ZNSt6locale5_Impl16_M_install_facetEPKNS_2idEPKNS_5facetE@plt, 32
0x7fee99c3e000, libc.so.6, 0x7fee99c731b0, __sigsetjmp, 28
0x7fee9a021000, libstdc++.so.6, 0x7fee9a10ab90, _ZN9__gnu_cxx18stdio_sync_filebufIcSt11char_traitsIcEE4syncEv, 26
0x7fee99c3e000, libc.so.6, 0x7fee99d3ae10, brk, 24
0x7fee9a021000, libstdc++.so.6, 0x7fee9a0a8aa0, _ZNSt6localeC1Ev@plt, 24
0x7fee9a021000, libstdc++.so.6, 0x7fee9a0bf0b0, _ZNSt8ios_base4InitD2Ev, 23
0x7fee9a021000, libstdc++.so.6, 0x7fee9a11f7c0, _ZNSt11__timepunctIcEC1EPSt17__timepunct_cacheIcEm, 22
0x7fee9a021000, libstdc++.so.6, 0x7fee9a144fe0, _ZNSt11__timepunctIwEC1EPSt17__timepunct_cacheIwEm, 22
0x7fee9a021000, libstdc++.so.6, 0x7fee9a0aa560, fwrite@plt, 22
0x7fee9a021000, libstdc++.so.6, 0x7fee9a0d5120, _ZNSt5ctypeIwEC1Em, 19
0x7fee9a021000, libstdc++.so.6, 0x7fee9a0fc380, _ZNSt7__cxx118messagesIcEC2Em, 19
0x7fee9a021000, libstdc++.so.6, 0x7fee9a104620, _ZNSt7__cxx118messagesIwEC2Em, 19
0x7fee9a021000, libstdc++.so.6, 0x7fee9a11ff90, _ZNSt8messagesIcEC1Em, 19
0x7fee9a021000, libstdc++.so.6, 0x7fee9a1457a0, _ZNSt8messagesIwEC2Em, 19
0x7fee99c3e000, libc.so.6, 0x7fee99cb9560, _IO_doallocbuf, 18
0x7fee99c3e000, libc.so.6, 0x7fee99cb9500, _IO_setb, 18
0x7fee9a021000, libstdc++.so.6, 0x7fee9a0aab90, fflush@plt, 18
0x7feeadb34000, ld-linux-x86-64.so.2, 0x7feeadb34a90, calloc@plt, 18
0x400000, loop_test_simple, 0x400905, _Z41__static_initialization_and_destruction_0ii, 18
0x7fee9a021000, libstdc++.so.6, 0x7fee9a0bbb60, _ZNSt7codecvtIwc11__mbstate_tEC1Em, 17
0x7fee9a021000, libstdc++.so.6, 0x7fee9a0bbac0, _ZNSt7codecvtIcc11__mbstate_tEC2Em, 17
0x7fee9a021000, libstdc++.so.6, 0x7fee9a0a9e80, _ZNSt6locale5facet15_S_get_c_localeEv@plt, 16
0x7fee99c3e000, libc.so.6, 0x7fee99c6c150, __ctype_init, 16
0x400000, loop_test_simple, 0x400700, .plt, 16
0x7fee9a021000, libstdc++.so.6, 0x7fee9a0d7c30, _ZSt15future_categoryv, 16
0x7fee9a021000, libstdc++.so.6, 0x7fee9a0a96b0, _ZNSo5flushEv@plt, 15
0x7fee99c3e000, libc.so.6, 0x7fee99cb6430, _IO_file_setbuf, 15
0x7fee9a021000, libstdc++.so.6, 0x7fee9a0a8fc0, _ZNKSt5ctypeIwE19_M_convert_to_wmaskEt@plt, 14
0x7fee9a021000, libstdc++.so.6, 0x7fee9a0aec40, __cxa_guard_release, 14
0x7fee9a021000, libstdc++.so.6, 0x7fee9a0bfee0, _ZNSt6locale5facet13_S_get_c_nameEv, 14
0x7fee99c3e000, libc.so.6, 0x7fee99cc58c0, __default_morecore, 14
0x400000, loop_test_simple, 0x400780, _ZSt4endlIcSt11char_traitsIcEERSt13basic_ostreamIT_T0_ES6_@plt, 12
0x7fee9a021000, libstdc++.so.6, 0x7fee9a0a8800, __wctype_l@plt, 12
0x7fee9a021000, libstdc++.so.6, 0x7fee9a0a9870, _ZSt16__ostream_insertIcSt11char_traitsIcEERSt13basic_ostreamIT_T0_ES6_PKS3_l@plt, 12
0x7feeadb34000, ld-linux-x86-64.so.2, 0x7feeadb4de90, free, 12
0x400000, loop_test_simple, 0x400770, _ZNSolsEPFRSoS_E@plt, 12
0x7fee9a021000, libstdc++.so.6, 0x7fee9a0a8760, _ZNSo9_M_insertIlEERSoT_@plt, 12
0x7fee9a021000, libstdc++.so.6, 0x7fee9a0a98b0, putc@plt, 12
0x7fee9a021000, libstdc++.so.6, 0x7fee9a0a9940, _ZNKSt7num_putIcSt19ostreambuf_iteratorIcSt11char_traitsIcEEE13_M_insert_intIlEES3_S3_RSt8ios_basecT_@plt, 12
0x400000, loop_test_simple, 0x400810, register_tm_clones, 12
0x7fee9a021000, libstdc++.so.6, 0x7fee9a0a8430, _ZNSo3putEc@plt, 12
0x400000, loop_test_simple, 0x400760, _ZStlsISt11char_traitsIcEERSt13basic_ostreamIcT_ES5_PKc@plt, 12
0x400000, loop_test_simple, 0x400710, _ZNSolsEi@plt, 12
0x7fee9a021000, libstdc++.so.6, 0x7fee9a0a8e10, strlen@plt, 12
0x400000, loop_test_simple, 0x4007a0, _start, 11
0x7fee99c3e000, libc.so.6, 0x7fee99c785c0, __call_tls_dtors, 11
0x7fee99c3e000, libc.so.6, 0x7fee99d34c20, __fxstat, 10
0x7fee9a021000, libstdc++.so.6, 0x7fee9a0aa110, _ZNSt8ios_base7_M_initEv@plt, 10
0x7fee9a021000, libstdc++.so.6, 0x7fee9a0a9740, _ZNSt6localeaSERKS_@plt, 10
0x7fee9a021000, libstdc++.so.6, 0x7fee9a0a9c80, strcmp@plt, 10
0x7fee9a021000, libstdc++.so.6, 0x7fee9a12ed80, _ZNSolsEPFRSoS_E, 10
0x7fee9a021000, libstdc++.so.6, 0x7fee9a0a9af0, _ZNSt6localeD1Ev@plt, 10
0x7fee9a021000, libstdc++.so.6, 0x7fee9a0a85f0, _ZNSt8ios_baseC2Ev@plt, 10
0x7fee9a021000, libstdc++.so.6, 0x7fee9a0a86b0, _ZNSt6locale5facet13_S_get_c_nameEv@plt, 9
0x7fee9a021000, libstdc++.so.6, 0x7fee9a0d16f0, _ZNSt6locale5facet18_S_create_c_localeERP15__locale_structPKcS2_, 9
0x7fee9a021000, libstdc++.so.6, 0x7fee9a0ac480, _ZNSt14error_categoryC1Ev, 8
0x400000, loop_test_simple, 0x400850, __do_global_dtors_aux, 8
0x7fee99c3e000, libc.so.6, 0x7fee99d0a710, _Exit, 8
0x400000, loop_test_simple, 0x4007d0, deregister_tm_clones, 8
0x400000, loop_test_simple, 0x400943, _GLOBAL__sub_I__Z7forLoopi, 7
0x400000, loop_test_simple, 0x4008f0, main, 7
0x7fee9a021000, libstdc++.so.6, 0x7fee9a0a8890, __cxa_atexit@plt, 7
0x400000, loop_test_simple, 0x4006d8, _init, 6
0x7fee9a021000, libstdc++.so.6, 0x7fee9a0a8bc0, _ZSt9use_facetISt7num_getIcSt19istreambuf_iteratorIcSt11char_traitsIcEEEERKT_RKSt6locale@plt, 6
0x7fee9a021000, libstdc++.so.6, 0x7fee9a0a7a00, _init, 6
0x7fee9a021000, libstdc++.so.6, 0x7fee9a0a7ac0, _ZSt9has_facetISt7num_getIcSt19istreambuf_iteratorIcSt11char_traitsIcEEEEbRKSt6locale@plt, 6
0x7fee9a021000, libstdc++.so.6, 0x7fee9a0a7b10, _ZSt9use_facetISt5ctypeIwEERKT_RKSt6locale@plt, 6
0x7fee9a021000, libstdc++.so.6, 0x7fee9a0a7b80, _ZSt9use_facetISt5ctypeIcEERKT_RKSt6locale@plt, 6
0x7fee9a021000, libstdc++.so.6, 0x7fee9a0a7f10, _ZSt9use_facetISt7num_putIcSt19ostreambuf_iteratorIcSt11char_traitsIcEEEERKT_RKSt6locale@plt, 6
0x7fee9a021000, libstdc++.so.6, 0x7fee9a0a82a0, _ZSt9has_facetISt7num_putIwSt19ostreambuf_iteratorIwSt11char_traitsIwEEEEbRKSt6locale@plt, 6
0x7fee9a021000, libstdc++.so.6, 0x7fee9a0a8660, _ZSt9has_facetISt5ctypeIwEEbRKSt6locale@plt, 6
0x7fee9a021000, libstdc++.so.6, 0x7fee9a0a9dc0, _ZSt9has_facetISt7num_putIcSt19ostreambuf_iteratorIcSt11char_traitsIcEEEEbRKSt6locale@plt, 6
0x7fee99706000, libgcc_s.so.1, 0x7fee99708790, _init, 6
0x7fee9a021000, libstdc++.so.6, 0x7fee9a0aa9b0, _ZNSt9basic_iosIwSt11char_traitsIwEE15_M_cache_localeERKSt6locale@plt, 6
0x7fee9a021000, libstdc++.so.6, 0x7fee9a0aaaa0, _ZSt9has_facetISt5ctypeIcEEbRKSt6locale@plt, 6
0x7fee9a021000, libstdc++.so.6, 0x7fee9a0aa540, _ZSt9use_facetISt7num_getIwSt19istreambuf_iteratorIwSt11char_traitsIwEEEERKT_RKSt6locale@plt, 6
0x7fee9a021000, libstdc++.so.6, 0x7fee9a0aa090, _ZNSt9basic_iosIcSt11char_traitsIcEE4initEPSt15basic_streambufIcS1_E@plt, 6
0x7fee9a021000, libstdc++.so.6, 0x7fee9a0a9be0, _ZSt9use_facetISt7num_putIwSt19ostreambuf_iteratorIwSt11char_traitsIwEEEERKT_RKSt6locale@plt, 6
0x7fee99935000, libm.so.6, 0x7fee9993a428, _init, 6
0x7fee9a021000, libstdc++.so.6, 0x7fee9a10aba0, _ZN9__gnu_cxx18stdio_sync_filebufIwSt11char_traitsIwEE4syncEv, 6
0x7fee9a021000, libstdc++.so.6, 0x7fee9a0a9710, _ZSt9has_facetISt7num_getIwSt19istreambuf_iteratorIwSt11char_traitsIwEEEEbRKSt6locale@plt, 6
0x7fee9a021000, libstdc++.so.6, 0x7fee9a0a98a0, _ZNSt9basic_iosIwSt11char_traitsIwEE4initEPSt15basic_streambufIwS1_E@plt, 6
0x7fee9a021000, libstdc++.so.6, 0x7fee9a0aa220, _ZNSt9basic_iosIcSt11char_traitsIcEE15_M_cache_localeERKSt6locale@plt, 6
0x7fee9a021000, libstdc++.so.6, 0x7fee9a0a8490, _ZNSt3_V214error_categoryD2Ev@plt, 5
0x7fee9a021000, libstdc++.so.6, 0x7fee9a0aa270, _ZNSt13basic_ostreamIwSt11char_traitsIwEE5flushEv@plt, 5
0x400000, loop_test_simple, 0x400870, frame_dummy, 4
0x7fee99c3e000, libc.so.6, 0x7fee99c78030, exit, 4
0x7fee99c3e000, libc.so.6, 0x7fee99cb6b60, _IO_file_stat, 4
0x7fee9a021000, libstdc++.so.6, 0x7fee9a0a92d0, _ZNSt14error_categoryD2Ev@plt, 4
0x7fee9a021000, libstdc++.so.6, 0x7fee9a0a9bc0, __uselocale@plt, 4
0x7fee9a021000, libstdc++.so.6, 0x7fee9a0a90e0, _ZNSt14error_categoryC2Ev@plt, 4
0x7fee9a021000, libstdc++.so.6, 0x7fee9a0aa0a0, _ZNSt7__cxx118numpunctIcE22_M_initialize_numpunctEP15__locale_struct@plt, 3
0x7fee9a021000, libstdc++.so.6, 0x7fee9a0aa030, memcmp@plt, 3
0x7fee9a021000, libstdc++.so.6, 0x7fee9a0a9f80, _ZNSt7__cxx1110moneypunctIcLb1EE24_M_initialize_moneypunctEP15__locale_structPKc@plt, 3
0x7fee9a021000, libstdc++.so.6, 0x7fee9a0a9e70, _ZNSt11__timepunctIwEC1EPSt17__timepunct_cacheIwEm@plt, 3
0x7fee9a021000, libstdc++.so.6, 0x7fee9a0aa7d0, _ZNSt10moneypunctIcLb1EE24_M_initialize_moneypunctEP15__locale_structPKc@plt, 3
0x7fee9a021000, libstdc++.so.6, 0x7fee9a0aabc0, _ZNSt8messagesIcEC1Em@plt, 3
0x400000, loop_test_simple, 0x4009d4, _fini, 3
0x7fee9a021000, libstdc++.so.6, 0x7fee9a0d9870, _ZNSt3_V214error_categoryD1Ev, 3
0x7fee9a021000, libstdc++.so.6, 0x7fee9a156ccc, .fini, 3
0x7fee99c3e000, libc.so.6, 0x7fee99c5d850, _dl_find_dso_for_object@plt, 3
0x7fee99935000, libm.so.6, 0x7fee999abd0c, .fini, 3
0x400000, loop_test_simple, 0x400750, _ZNSt8ios_base4InitD1Ev@plt, 3
0x400000, loop_test_simple, 0x400740, __cxa_atexit@plt, 3
0x400000, loop_test_simple, 0x400730, __libc_start_main@plt, 3
0x400000, loop_test_simple, 0x400720, _ZNSt8ios_base4InitC1Ev@plt, 3
0x7fee99706000, libgcc_s.so.1, 0x7fee997188b8, .fini, 3
0x7fee9a021000, libstdc++.so.6, 0x7fee9a0a90d0, _ZNSt8numpunctIwE22_M_initialize_numpunctEP15__locale_struct@plt, 3
0x7fee9a021000, libstdc++.so.6, 0x7fee9a0a9060, _ZNKSt5ctypeIcE13_M_widen_initEv@plt, 3
0x7fee9a021000, libstdc++.so.6, 0x7fee9a0a8f20, _ZNSt7__cxx1110moneypunctIcLb0EE24_M_initialize_moneypunctEP15__locale_structPKc@plt, 3
0x7fee9a021000, libstdc++.so.6, 0x7fee9a0a92b0, _ZNSt11__timepunctIwE23_M_initialize_timepunctEP15__locale_struct@plt, 3
0x7fee9a021000, libstdc++.so.6, 0x7fee9a0a8c40, _ZNSt5ctypeIwE19_M_initialize_ctypeEv@plt, 3
0x7fee9a021000, libstdc++.so.6, 0x7fee9a0a8bb0, _ZNSt7codecvtIcc11__mbstate_tEC1Em@plt, 3
0x7fee9a021000, libstdc++.so.6, 0x7fee9a0a93c0, __newlocale@plt, 3
0x7fee9a021000, libstdc++.so.6, 0x7fee9a0a9560, _ZNSt10moneypunctIwLb0EE24_M_initialize_moneypunctEP15__locale_structPKc@plt, 3
0x7fee9a021000, libstdc++.so.6, 0x7fee9a0a8980, _ZNSt8numpunctIcE22_M_initialize_numpunctEP15__locale_struct@plt, 3
0x7fee9a021000, libstdc++.so.6, 0x7fee9a0a8820, _ZNSt7codecvtIwc11__mbstate_tEC1Em@plt, 3
0x7fee9a021000, libstdc++.so.6, 0x7fee9a0a9770, _ZNSt11__timepunctIcEC1EPSt17__timepunct_cacheIcEm@plt, 3
0x7fee9a021000, libstdc++.so.6, 0x7fee9a0a87e0, _ZSt15future_categoryv@plt, 3
0x7fee9a021000, libstdc++.so.6, 0x7fee9a0a87a0, _ZNSt6locale5facet18_S_create_c_localeERP15__locale_structPKcS2_@plt, 3
0x7fee9a021000, libstdc++.so.6, 0x7fee9a0a86d0, _ZNSt6locale5_ImplC1Em@plt, 3
0x7fee9a021000, libstdc++.so.6, 0x7fee9a0a9910, __cxa_guard_acquire@plt, 3
0x7fee9a021000, libstdc++.so.6, 0x7fee9a0a9d80, _ZNSt10moneypunctIwLb1EE24_M_initialize_moneypunctEP15__locale_structPKc@plt, 3
0x7fee9a021000, libstdc++.so.6, 0x7fee9a0a7b90, _ZNSt7__cxx118messagesIcEC1Em@plt, 3
0x7fee9a021000, libstdc++.so.6, 0x7fee9a0a7ca0, _ZNSt5ctypeIcEC1EPKtbm@plt, 3
0x7fee9a021000, libstdc++.so.6, 0x7fee9a0a7e80, _ZNSt10moneypunctIcLb0EE24_M_initialize_moneypunctEP15__locale_structPKc@plt, 3
0x7fee9a021000, libstdc++.so.6, 0x7fee9a0a7fd0, _ZNSt5ctypeIwEC1Em@plt, 3
0x7fee9a021000, libstdc++.so.6, 0x7fee9a0a80b0, _ZNSt7__cxx118numpunctIwE22_M_initialize_numpunctEP15__locale_struct@plt, 3
0x7fee9a021000, libstdc++.so.6, 0x7fee9a0a80d0, _ZNSt7__cxx118messagesIwEC1Em@plt, 3
0x7fee9a021000, libstdc++.so.6, 0x7fee9a0a8390, _ZNSt7__cxx1110moneypunctIwLb1EE24_M_initialize_moneypunctEP15__locale_structPKc@plt, 3
0x7fee9a021000, libstdc++.so.6, 0x7fee9a0a9b10, _ZNSt11__timepunctIcE23_M_initialize_timepunctEP15__locale_struct@plt, 3
0x7fee9a021000, libstdc++.so.6, 0x7fee9a0a8520, malloc@plt, 3
0x7fee9a021000, libstdc++.so.6, 0x7fee9a0a9a40, _ZNSt7__cxx1110moneypunctIwLb0EE24_M_initialize_moneypunctEP15__locale_structPKc@plt, 3
0x7fee9a021000, libstdc++.so.6, 0x7fee9a0a8620, __cxa_guard_release@plt, 3
0x7fee9a021000, libstdc++.so.6, 0x7fee9a0a9990, _ZNSt8messagesIwEC1Em@plt, 3
0x7fee99c3e000, libc.so.6, 0x7fee99c73250, _setjmp, 2
0x7feeadb34000, ld-linux-x86-64.so.2, 0x7feeadb45070, _dl_debug_state, 2
0x7fee99c3e000, libc.so.6, 0x7fee99c5d7c0, .plt, 2
0x7fee9a021000, libstdc++.so.6, 0x7fee9a0ac490, _ZNSt14error_categoryD1Ev, 2
0x7fee99c3e000, libc.so.6, 0x7fee99c5d8a0, .plt.got, 1
0x7fee99935000, libm.so.6, 0x7fee9993a5f0, .plt.got, 1
0x7fee9a021000, libstdc++.so.6, 0x7fee9a0aac60, .plt.got, 1
0x7fee99706000, libgcc_s.so.1, 0x7fee99708a60, .plt.got, 1
